full_name,email,phone,designation,joining_date
Michael Becker,jacobsthomas@gmail.com,4818178584,Backend Developer,2023-03-31
Ian Gonzalez,kirbycarrie@hotmail.com,0372068537,Project Manager,2022-09-25
Stephanie Hill,lisa90@gmail.com,1476282332,Business Analyst,2022-03-11
Mary Martinez,victorianguyen@anderson.com,3768658419,Business Analyst,2025-01-18
Miranda Dalton,merrittcalvin@gmail.com,7441041517,Frontend Developer,2024-03-08
Justin Smith,aprilbeard@collins.org,1787395905,UI/UX Designer,2020-12-15
Jessica Garcia,nataliesimmons@alvarado-macdonald.info,4396122379,QA Tester,2022-11-13
James Blanchard,natasha13@lee-jones.net,2983419602,HR Manager,2025-05-18
Robert Bell,jonathan99@dawson-anderson.com,0033985211,QA Tester,2021-10-20
Rachel Bradley,davidalvarado@gmail.com,3191856037,HR Manager,2022-01-10
Cynthia Cobb DDS,andreahale@hotmail.com,7834117221,Frontend Developer,2023-10-15
Sheila Turner,mccoycourtney@kelly.biz,1522077063,Backend Developer,2023-02-09
Antonio Cain,olester@thornton.com,6367226911,Software Engineer,2023-12-28
John Lawson,henrymark@hotmail.com,1783922294,Product Manager,2024-04-19
Jesus Morales,courtneyrogers@stewart.com,5952561170,QA Tester,2023-12-30
Amanda Wright,rebeccarodriguez@best.com,6206028933,DevOps Engineer,2023-02-20
Melissa Morris,thompsonmichael@yahoo.com,6936725599,DevOps Engineer,2022-06-22
Ashlee Campbell,richardsdustin@ross.com,5857889024,HR Manager,2021-06-10
Kelly Williamson,ispencer@yahoo.com,4097909796,Frontend Developer,2022-12-24
Nicholas Davis,williamsmichael@gmail.com,4933790738,UI/UX Designer,2022-03-10
Joanne Irwin,jaygreen@fuentes.biz,7794906372,Project Manager,2023-12-29
Carrie Mcclain,natashaschaefer@gmail.com,7081405278,Business Analyst,2021-12-06
Allison Bass,emcintosh@lee-stevens.net,2879064673,QA Tester,2023-09-21
Susan Tanner,spencerrobert@warren.com,8441166897,HR Manager,2025-01-22
Donald Dunlap,mindyenglish@webb.biz,6360354767,DevOps Engineer,2021-01-06
Tiffany Decker,eric31@green.net,1841475930,DevOps Engineer,2024-02-14
David Snyder,nicholasreed@allen.net,2030770680,DevOps Engineer,2022-06-13
John Harris,rogerskelsey@jones.info,7627311257,Backend Developer,2024-01-02
Mark Lowery,richardsonandrew@yahoo.com,5164169820,Backend Developer,2021-11-26
Taylor Robinson,emiller@hotmail.com,5006240312,Backend Developer,2023-04-12
William Williams,franklindanielle@moreno-crane.com,3012320151,Product Manager,2023-10-26
Sandra Smith,benjaminholden@green-brown.com,2617340433,HR Manager,2024-01-24
Matthew Sanders,brianhoward@schultz.com,4722139114,Product Manager,2021-12-05
Jackson Jimenez,nathan97@yahoo.com,9219013499,Product Manager,2020-10-22
Kimberly Maddox,sharris@moore.info,8906306784,Frontend Developer,2024-01-29
Evan Mccarthy,diane27@sanders.info,4000566702,QA Tester,2025-01-07
Jennifer Leonard,bmeyer@welch-arroyo.com,8230160710,Software Engineer,2021-02-04
Jessica Robinson,brianferguson@gmail.com,5864373035,Product Manager,2021-05-09
Jacob Sims,laurenmiller@anthony.com,8180750945,Backend Developer,2022-06-02
Brandon Green II,larsonray@gmail.com,6953171687,Software Engineer,2023-04-15
Sandra Fisher,kenneth93@skinner.com,3014551069,Project Manager,2025-02-06
Dawn Patterson,rsmith@murillo.com,0526995128,Backend Developer,2024-08-05
Maria Austin,smithanna@gmail.com,2851933022,HR Manager,2024-04-27
Diane Horn,rodriguezamanda@jones.org,0766809408,Product Manager,2025-06-09
Kyle Hodge,anthonywilliams@yahoo.com,8036742272,Backend Developer,2025-07-06
Kimberly Curry DDS,wthompson@hotmail.com,7649086573,Backend Developer,2023-05-22
Hannah Brown,hchase@scott.com,9751524407,Software Engineer,2025-02-28
Alicia Richard,matthew65@atkinson.com,9613051642,Frontend Developer,2023-11-22
John Baldwin,kchan@gilbert-friedman.com,6374720773,DevOps Engineer,2022-02-04
Bryan King,abailey@shea.com,1395972503,Software Engineer,2021-07-06
